{
  "meta_learner_type": "xgboost",
  "population_means": {
    "text": 0.5040822625160217,
    "tabular": 0.320676326751709,
    "behavioral": 0.5096364617347717
  },
  "single_modality_metrics": {
    "train": {
      "text": {
        "accuracy": 0.4328571428571429,
        "precision": 0.2898876404494382,
        "recall": 0.6142857142857143,
        "f1": 0.3938931297709924,
        "roc_auc": 0.4647716229348883
      },
      "tabular": {
        "accuracy": 0.9642857142857143,
        "precision": 0.9223744292237442,
        "recall": 0.9619047619047619,
        "f1": 0.9417249417249417,
        "roc_auc": 0.9950242954324586
      },
      "behavioral": {
        "accuracy": 0.3342857142857143,
        "precision": 0.3078078078078078,
        "recall": 0.9761904761904762,
        "f1": 0.4680365296803653,
        "roc_auc": 0.46789115646258506
      }
    },
    "validation": {
      "text": {
        "accuracy": 0.3933333333333333,
        "precision": 0.22727272727272727,
        "recall": 0.46511627906976744,
        "f1": 0.3053435114503817,
        "roc_auc": 0.37426646381221473
      },
      "tabular": {
        "accuracy": 0.9733333333333334,
        "precision": 0.9333333333333333,
        "recall": 0.9767441860465116,
        "f1": 0.9545454545454546,
        "roc_auc": 0.9863073244946751
      },
      "behavioral": {
        "accuracy": 0.3,
        "precision": 0.2847222222222222,
        "recall": 0.9534883720930233,
        "f1": 0.4385026737967914,
        "roc_auc": 0.63899152358183
      }
    },
    "test": {
      "text": {
        "accuracy": 0.46,
        "precision": 0.3333333333333333,
        "recall": 0.723404255319149,
        "f1": 0.4563758389261745,
        "roc_auc": 0.5143565379053914
      },
      "tabular": {
        "accuracy": 0.9866666666666667,
        "precision": 0.9787234042553191,
        "recall": 0.9787234042553191,
        "f1": 0.9787234042553191,
        "roc_auc": 0.996281759966949
      },
      "behavioral": {
        "accuracy": 0.30666666666666664,
        "precision": 0.30344827586206896,
        "recall": 0.9361702127659575,
        "f1": 0.4583333333333333,
        "roc_auc": 0.519727329064243
      }
    }
  },
  "validation_metrics": {
    "accuracy": 0.9666666666666667,
    "precision": 0.9318181818181818,
    "recall": 0.9534883720930233,
    "f1": 0.9425287356321839,
    "roc_auc": 0.9784829384916321
  },
  "train_metrics": {
    "accuracy": 0.98,
    "precision": 0.9666666666666667,
    "recall": 0.9666666666666667,
    "f1": 0.9666666666666667,
    "roc_auc": 0.9982312925170068
  },
  "feature_importances": {
    "text_prob": 0.04345085844397545,
    "tabular_prob": 0.9211316108703613,
    "behavioral_prob": 0.0354175791144371
  },
  "learner_path": "fusion_model_20260428_185320_learner.json"
}